gene,transcript,variant_protein,variant_genomic_grch38,clinvar_variation_id,disease,neonatal_onset,clinvar_current_significance,reclassified,reclass_from,reclass_to,reclass_note,source_urls
KCNQ2,NM_172107.4,p.Ala317Val,chr20:g.63438698G>A,3256780,Early-infantile DEE,yes,Conflicting classifications of pathogenicity,yes,Uncertain significance,Likely pathogenic,Uncertain significance (2024-05-09) -> Likely pathogenic (2025-02-28); current ClinVar aggregate: Conflicting classifications of pathogenicity,https://www.ncbi.nlm.nih.gov/clinvar/variation/3256780/
KCNQ2,NM_172107.4,p.Leu299=,chr20:g.63439628G>A,3390763,Early-infantile DEE,yes,Conflicting classifications of pathogenicity,yes,Uncertain significance,Likely benign,Uncertain significance (2024-06-12) -> Likely benign (2026-01-01); current ClinVar aggregate: Conflicting classifications of pathogenicity,https://www.ncbi.nlm.nih.gov/clinvar/variation/3390763/
KCNQ2,NM_172107.4,c.1763+2C>G,chr20:g.63413448G>C,2861369,"Seizures, benign familial neonatal, 1",yes,Conflicting classifications of pathogenicity,yes,Uncertain significance,Likely pathogenic,Uncertain significance (2024-03-25) -> Likely pathogenic (2024-04-17); current ClinVar aggregate: Conflicting classifications of pathogenicity,https://www.ncbi.nlm.nih.gov/clinvar/variation/2861369/
KCNQ2,NM_172107.4,p.Ala265Ser,chr20:g.63442429C>A,4294458,"Developmental and epileptic encephalopathy, 7",yes,Pathogenic/Likely pathogenic,no,,,,https://www.ncbi.nlm.nih.gov/clinvar/variation/4294458/
KCNQ2,NM_172107.4,p.Met211Thr,chr20:g.63444717A>G,3776183,"Developmental and epileptic encephalopathy, 7",yes,Pathogenic/Likely pathogenic,no,,,,https://www.ncbi.nlm.nih.gov/clinvar/variation/3776183/
KCNQ2,NM_172107.4,p.Gln361Ter,chr20:g.63433846G>A,3775845,"Seizures, benign familial neonatal, 1",yes,Pathogenic/Likely pathogenic,no,,,,https://www.ncbi.nlm.nih.gov/clinvar/variation/3775845/
SCN2A,NM_001040142.2,p.Ala202Val,chr2:g.165308794C>T,449147,"Developmental and epileptic encephalopathy, 11",yes,Pathogenic/Likely pathogenic,yes,Uncertain significance,Likely pathogenic,Uncertain significance (2016-02-15) -> Likely pathogenic (2021-03-05); current ClinVar aggregate: Pathogenic/Likely pathogenic,https://www.ncbi.nlm.nih.gov/clinvar/variation/449147/
SCN2A,NM_001040142.2,p.Arg922His,chr2:g.165344757G>A,372885,"Developmental and epileptic encephalopathy, 11",yes,Conflicting classifications of pathogenicity,yes,Uncertain significance,Likely pathogenic,Uncertain significance (2020-02-03) -> Likely pathogenic (2021-05-06); current ClinVar aggregate: Conflicting classifications of pathogenicity,https://www.ncbi.nlm.nih.gov/clinvar/variation/372885/
SCN2A,NM_001040142.2,p.Met1879Thr,chr2:g.165389442T>C,1478168,SCN2A-related developmental and epileptic encephalopathy / benign familial infantile seizures,yes,Likely pathogenic,yes,Uncertain significance,Pathogenic,Uncertain significance (2022-09-01) -> Pathogenic (2023-07-16); current ClinVar aggregate: Likely pathogenic,https://www.ncbi.nlm.nih.gov/clinvar/variation/1478168/
SCN2A,NM_001040142.2,p.Glu1153Lys,chr2:g.165365200G>A,206987,"Episodic ataxia, type 9",yes,Conflicting classifications of pathogenicity,yes,Uncertain significance,Pathogenic,Uncertain significance (2016-03-28) -> Pathogenic (2017-01-01); current ClinVar aggregate: Conflicting classifications of pathogenicity,https://www.ncbi.nlm.nih.gov/clinvar/variation/206987/
SCN2A,NM_001040142.2,p.Trp1594Arg,chr2:g.165386974T>A,3906897,SCN2A-related developmental and epileptic encephalopathy / benign familial infantile seizures,yes,Likely pathogenic,no,,,,https://www.ncbi.nlm.nih.gov/clinvar/variation/3906897/
SCN2A,NM_001040142.2,p.Trp1594Cys,chr2:g.165386976G>T,3906896,SCN2A-related developmental and epileptic encephalopathy / benign familial infantile seizures,yes,Likely pathogenic,no,,,,https://www.ncbi.nlm.nih.gov/clinvar/variation/3906896/
KCNQ3,NM_004519.4,p.Gly553Arg,chr8:g.132137928C>T,978935,Benign familial neonatal seizures 2 / KCNQ3-related epilepsy,yes,Conflicting classifications of pathogenicity,yes,Uncertain significance,Pathogenic,Uncertain significance (2020-04-20) -> Pathogenic (2024-03-12); current ClinVar aggregate: Conflicting classifications of pathogenicity,https://www.ncbi.nlm.nih.gov/clinvar/variation/978935/
KCNQ3,NM_004519.4,p.Arg227Gln,chr8:g.132180254C>T,975970,Benign neonatal seizures,yes,Conflicting classifications of pathogenicity,yes,Uncertain significance,Pathogenic,Uncertain significance (2019-05-06) -> Pathogenic (2023-03-02); current ClinVar aggregate: Conflicting classifications of pathogenicity,https://www.ncbi.nlm.nih.gov/clinvar/variation/975970/
KCNQ3,NM_004519.4,p.Thr566Met,chr8:g.132137888G>A,853636,Benign neonatal seizures,yes,Conflicting classifications of pathogenicity,yes,Uncertain significance,Likely benign,Uncertain significance (2024-10-16) -> Likely benign (2024-11-10); current ClinVar aggregate: Conflicting classifications of pathogenicity,https://www.ncbi.nlm.nih.gov/clinvar/variation/853636/
KCNQ3,NM_004519.4,p.Thr326Met,chr8:g.132174306G>A,1686662,"Seizures, benign familial neonatal, 2",yes,Conflicting classifications of pathogenicity,yes,Uncertain significance,Likely pathogenic,Uncertain significance (2023-11-03) -> Likely pathogenic (2024-11-27); current ClinVar aggregate: Conflicting classifications of pathogenicity,https://www.ncbi.nlm.nih.gov/clinvar/variation/1686662/
KCNQ3,NM_004519.4,p.Arg364His,chr8:g.132172647C>T,934997,"Seizures, benign familial neonatal, 2",yes,Pathogenic/Likely pathogenic,no,,,,https://www.ncbi.nlm.nih.gov/clinvar/variation/934997/
KCNQ3,NM_004519.4,p.Arg330His,chr8:g.132174294C>T,852086,Benign neonatal seizures,yes,Pathogenic/Likely pathogenic,no,,,,https://www.ncbi.nlm.nih.gov/clinvar/variation/852086/
CFTR,NM_000492.4,p.Asp1270Asn,chr7:g.117642528G>A,7164,Fetal anomalies with a likely genetic cause,yes,Conflicting classifications of pathogenicity,yes,Uncertain significance,Pathogenic,Uncertain significance (2018-05-11) -> Pathogenic (2018-05-15); current ClinVar aggregate: Conflicting classifications of pathogenicity,https://www.ncbi.nlm.nih.gov/clinvar/variation/7164/
CFTR,NM_000492.4,p.Arg668Cys,chr7:g.117592169C>T,35835,Bronchiectasis with or without elevated sweat chloride 1,no,Conflicting classifications of pathogenicity,yes,Uncertain significance,Pathogenic,Uncertain significance (2018-02-16) -> Pathogenic (2018-03-26); current ClinVar aggregate: Conflicting classifications of pathogenicity,https://www.ncbi.nlm.nih.gov/clinvar/variation/35835/
CFTR,NM_000492.4,p.Leu967Ser,chr7:g.117603774T>C,219537,Hereditary pancreatitis,no,Conflicting classifications of pathogenicity,yes,Uncertain significance,Likely pathogenic,Uncertain significance (2018-08-23) -> Likely pathogenic (2018-11-05); current ClinVar aggregate: Conflicting classifications of pathogenicity,https://www.ncbi.nlm.nih.gov/clinvar/variation/219537/
CFTR,NM_000492.4,p.Pro67Ser,chr7:g.117509068C>T,4818493,Cystic fibrosis,yes,Likely pathogenic,no,,,,https://www.ncbi.nlm.nih.gov/clinvar/variation/4818493/
CFTR,NM_000492.4,c.1767-2A>C,chr7:g.117591932A>C,4811574,Cystic fibrosis,yes,Pathogenic,no,,,,https://www.ncbi.nlm.nih.gov/clinvar/variation/4811574/
CFTR,NM_000492.4,p.Gln237Ter,chr7:g.117535377C>T,4535906,Cystic fibrosis,yes,Pathogenic/Likely pathogenic,no,,,,https://www.ncbi.nlm.nih.gov/clinvar/variation/4535906/
GAA,NM_000152.5,p.Thr653Ile,chr17:g.80112945C>T,4068168,"Glycogen storage disease, type II",yes,Likely pathogenic,yes,Uncertain significance,Likely pathogenic,Uncertain significance (2025-03-10) -> Likely pathogenic (2025-06-18); current ClinVar aggregate: Likely pathogenic,https://www.ncbi.nlm.nih.gov/clinvar/variation/4068168/
GAA,NM_000152.5,p.Pro217Leu,chr17:g.80105852C>T,4078718,"Glycogen storage disease II (Pompe disease), infantile-onset",yes,Conflicting classifications of pathogenicity,yes,Uncertain significance,Likely pathogenic,Uncertain significance (2025-06-23) -> Likely pathogenic (2025-07-10); current ClinVar aggregate: Conflicting classifications of pathogenicity,https://www.ncbi.nlm.nih.gov/clinvar/variation/4078718/
GAA,NM_000152.5,p.Pro444Arg,chr17:g.80109949C>G,3769014,"Glycogen storage disease, type II",yes,Conflicting classifications of pathogenicity,yes,Uncertain significance,Likely pathogenic,Uncertain significance (2025-02-17) -> Likely pathogenic (2025-10-24); current ClinVar aggregate: Conflicting classifications of pathogenicity,https://www.ncbi.nlm.nih.gov/clinvar/variation/3769014/
GAA,NM_000152.5,p.Gly549Arg,chr17:g.80111991G>C,3769497,"Glycogen storage disease, type II",yes,Likely pathogenic,no,,,,https://www.ncbi.nlm.nih.gov/clinvar/variation/3769497/
GAA,NM_000152.5,c.546+1G>T,chr17:g.80105133G>T,3241650,"Glycogen storage disease, type II",yes,Pathogenic,no,,,,https://www.ncbi.nlm.nih.gov/clinvar/variation/3241650/
GAA,NM_000152.5,p.Lys479Asn,chr17:g.80110055G>C,3241647,"Glycogen storage disease, type II",yes,Likely pathogenic,no,,,,https://www.ncbi.nlm.nih.gov/clinvar/variation/3241647/
ACADM,NM_000016.6,p.Arg31Cys,chr1:g.75728461C>T,2150044,Medium-chain acyl-coenzyme A dehydrogenase deficiency,yes,Conflicting classifications of pathogenicity,yes,Uncertain significance,Likely pathogenic,Uncertain significance (2022-04-07) -> Likely pathogenic (2023-07-12); current ClinVar aggregate: Conflicting classifications of pathogenicity,https://www.ncbi.nlm.nih.gov/clinvar/variation/2150044/
ACADM,NM_000016.6,p.Ala218Asp,chr1:g.75745859C>A,2181756,Medium-chain acyl-coenzyme A dehydrogenase deficiency,yes,Conflicting classifications of pathogenicity,yes,Uncertain significance,Pathogenic,Uncertain significance (2025-06-02) -> Pathogenic (2026-02-12); current ClinVar aggregate: Conflicting classifications of pathogenicity,https://www.ncbi.nlm.nih.gov/clinvar/variation/2181756/
ACADM,NM_000016.6,p.Lys144Ter,chr1:g.75734833A>T,1708368,Medium-chain acyl-coenzyme A dehydrogenase deficiency,yes,Pathogenic/Likely pathogenic,no,,,,https://www.ncbi.nlm.nih.gov/clinvar/variation/1708368/
ACADM,NM_000016.6,c.30+1G>C,chr1:g.75724818G>C,1980596,Medium-chain acyl-coenzyme A dehydrogenase deficiency,yes,Pathogenic/Likely pathogenic,no,,,,https://www.ncbi.nlm.nih.gov/clinvar/variation/1980596/
ACADM,NM_000016.6,p.Glu111Lys,chr1:g.75733572G>A,2875447,MCADD - Medium-chain acyl-CoA dehydrogenase deficiency – full ACADM sequencing newborn screening follow up,yes,Pathogenic/Likely pathogenic,no,,,,https://www.ncbi.nlm.nih.gov/clinvar/variation/2875447/
ACADM,NM_000016.6,p.Val289Ile,chr1:g.75750466G>A,2679931,Medium-chain acyl-coenzyme A dehydrogenase deficiency,yes,Likely pathogenic,no,,,,https://www.ncbi.nlm.nih.gov/clinvar/variation/2679931/
ARX,NM_139058.3,p.Arg536Thr,chrX:g.25004752C>G,869403,"Developmental and epileptic encephalopathy, 1",yes,Conflicting classifications of pathogenicity,yes,Uncertain significance,Likely pathogenic,Uncertain significance (2025-12-15) -> Likely pathogenic (2026-01-29); current ClinVar aggregate: Conflicting classifications of pathogenicity,https://www.ncbi.nlm.nih.gov/clinvar/variation/869403/
ARX,NM_139058.3,p.Ser319Ter,chrX:g.25013039G>T,945320,"Developmental and epileptic encephalopathy, 1",yes,Pathogenic/Likely pathogenic,no,,,,https://www.ncbi.nlm.nih.gov/clinvar/variation/945320/
ARX,NM_139058.3,p.Glu294Ter,chrX:g.25013115C>A,3382594,"Developmental and epileptic encephalopathy, 1",yes,Pathogenic,no,,,,https://www.ncbi.nlm.nih.gov/clinvar/variation/3382594/
ARX,NM_139058.3,p.Arg384Cys,chrX:g.25007409G>A,2159557,"Developmental and epileptic encephalopathy, 1",yes,Pathogenic/Likely pathogenic,no,,,,https://www.ncbi.nlm.nih.gov/clinvar/variation/2159557/
ARX,NM_139058.3,p.Gly120fs,chrX:g.25013606_25013640del,1993323,"Developmental and epileptic encephalopathy, 1",yes,Pathogenic,no,,,,https://www.ncbi.nlm.nih.gov/clinvar/variation/1993323/
ARX,NM_139058.3,p.Arg332Gly,chrX:g.25013001G>C,1494703,"Developmental and epileptic encephalopathy, 1",yes,Pathogenic/Likely pathogenic,no,,,,https://www.ncbi.nlm.nih.gov/clinvar/variation/1494703/
CDKL5,NM_001323289.2,p.Thr538Ala,chrX:g.18604536A>G,3343996,CDKL5 disorder,yes,Likely benign,yes,Uncertain significance,Likely benign,Uncertain significance (2024-09-13) -> Likely benign (2025-06-25); current ClinVar aggregate: Likely benign,https://www.ncbi.nlm.nih.gov/clinvar/variation/3343996/
CDKL5,NM_001323289.2,p.Cys126Tyr,chrX:g.18579942G>A,3344014,CDKL5 disorder,yes,Conflicting classifications of pathogenicity,yes,Uncertain significance,Likely pathogenic,Uncertain significance (2024-07-16) -> Likely pathogenic (2024-10-16); current ClinVar aggregate: Conflicting classifications of pathogenicity,https://www.ncbi.nlm.nih.gov/clinvar/variation/3344014/
CDKL5,NM_001323289.2,p.Trp911Ter,chrX:g.18628606G>A,3602053,CDKL5 disorder,yes,Likely pathogenic,no,,,,https://www.ncbi.nlm.nih.gov/clinvar/variation/3602053/
CDKL5,NM_001323289.2,p.Gln385Ter,chrX:g.18604077C>T,3602047,CDKL5 disorder,yes,Pathogenic,no,,,,https://www.ncbi.nlm.nih.gov/clinvar/variation/3602047/
CDKL5,NM_001323289.2,p.Trp176Ter,chrX:g.18584327G>A,3340201,CDKL5 disorder,yes,Pathogenic,no,,,,https://www.ncbi.nlm.nih.gov/clinvar/variation/3340201/
CDKL5,NM_001323289.2,p.Leu277Ter,chrX:g.18598466T>A,4855218,"Developmental and epileptic encephalopathy, 2",yes,Likely pathogenic,no,,,,https://www.ncbi.nlm.nih.gov/clinvar/variation/4855218/
GALT,NM_000155.4,p.Leu275Val,chr9:g.34649000C>G,1693997,Galactosemia,yes,Conflicting classifications of pathogenicity,yes,Uncertain significance,Likely pathogenic,Uncertain significance (2021-06-09) -> Likely pathogenic (2022-07-26); current ClinVar aggregate: Conflicting classifications of pathogenicity,https://www.ncbi.nlm.nih.gov/clinvar/variation/1693997/
GALT,NM_000155.4,p.Ter380Arg,chr9:g.34650447T>C,2136762,Deficiency of UDPglucose-hexose-1-phosphate uridylyltransferase,yes,Pathogenic/Likely pathogenic,no,,,,https://www.ncbi.nlm.nih.gov/clinvar/variation/2136762/
GALT,NM_000155.4,p.Lys334Arg,chr9:g.34649506A>G,1691431,Galactosemia,yes,Pathogenic/Likely pathogenic,no,,,,https://www.ncbi.nlm.nih.gov/clinvar/variation/1691431/
GALT,NM_000155.4,p.Tyr89Ter,chr9:g.34647506C>G,2675829,Galactosemia,yes,Pathogenic/Likely pathogenic,no,,,,https://www.ncbi.nlm.nih.gov/clinvar/variation/2675829/
GALT,NM_000155.4,p.Arg123Gln,chr9:g.34647696G>A,2136755,Deficiency of UDPglucose-hexose-1-phosphate uridylyltransferase,yes,Pathogenic/Likely pathogenic,no,,,,https://www.ncbi.nlm.nih.gov/clinvar/variation/2136755/
GALT,NM_000155.4,p.Asn72fs,chr9:g.34647219_34647220insC,1722333,Galactosemia,yes,Pathogenic/Likely pathogenic,no,,,,https://www.ncbi.nlm.nih.gov/clinvar/variation/1722333/
KCNT1,NM_020822.3,p.Glu655Lys,chr9:g.135771050G>A,1001305,Autosomal dominant nocturnal frontal lobe epilepsy 5,yes,Conflicting classifications of pathogenicity,yes,Uncertain significance,Likely benign,Uncertain significance (2025-04-08) -> Likely benign (2025-10-21); current ClinVar aggregate: Conflicting classifications of pathogenicity,https://www.ncbi.nlm.nih.gov/clinvar/variation/1001305/
KCNT1,NM_020822.3,p.Arg1137Cys,chr9:g.135786428C>T,1401663,Autosomal dominant nocturnal frontal lobe epilepsy 5,yes,Conflicting classifications of pathogenicity,yes,Uncertain significance,Likely benign,Uncertain significance (2025-09-02) -> Likely benign (2025-10-24); current ClinVar aggregate: Conflicting classifications of pathogenicity,https://www.ncbi.nlm.nih.gov/clinvar/variation/1401663/
KCNT1,NM_020822.3,p.Arg258His,chr9:g.135758427G>A,2935475,Autosomal dominant nocturnal frontal lobe epilepsy 5,yes,Conflicting classifications of pathogenicity,yes,Uncertain significance,Likely pathogenic,Uncertain significance (2025-05-22) -> Likely pathogenic (2026-02-16); current ClinVar aggregate: Conflicting classifications of pathogenicity,https://www.ncbi.nlm.nih.gov/clinvar/variation/2935475/
KCNT1,NM_020822.3,p.Val320Ile,chr9:g.135759782G>A,1445389,"Developmental and epileptic encephalopathy, 14",yes,Conflicting classifications of pathogenicity,yes,Uncertain significance,Likely benign,Uncertain significance (2022-06-24) -> Likely benign (2025-02-24); current ClinVar aggregate: Conflicting classifications of pathogenicity,https://www.ncbi.nlm.nih.gov/clinvar/variation/1445389/
KCNT1,NM_020822.3,p.Ala934Ser,chr9:g.135779429G>T,1525584,"Developmental and epileptic encephalopathy, 14",yes,Pathogenic/Likely pathogenic,no,,,,https://www.ncbi.nlm.nih.gov/clinvar/variation/1525584/
KCNT1,NM_020822.3,p.Phe346Leu,chr9:g.135765033C>G,853550,Autosomal dominant nocturnal frontal lobe epilepsy 5,yes,Pathogenic,no,,,,https://www.ncbi.nlm.nih.gov/clinvar/variation/853550/
OTC,NM_000531.6,p.Met206Ile,chrX:g.38403695G>T,2627014,Ornithine carbamoyltransferase deficiency,yes,Conflicting classifications of pathogenicity,yes,Uncertain significance,Likely pathogenic,Uncertain significance (2024-04-23) -> Likely pathogenic (2024-04-29); current ClinVar aggregate: Conflicting classifications of pathogenicity,https://www.ncbi.nlm.nih.gov/clinvar/variation/2627014/
OTC,NM_000531.6,p.Thr343Ile,chrX:g.38421045C>T,3251609,Ornithine carbamoyltransferase deficiency,yes,Conflicting classifications of pathogenicity,yes,Uncertain significance,Likely pathogenic,Uncertain significance (2024-04-29) -> Likely pathogenic (2024-04-30); current ClinVar aggregate: Conflicting classifications of pathogenicity,https://www.ncbi.nlm.nih.gov/clinvar/variation/3251609/
OTC,NM_000531.6,p.Met268Ile,chrX:g.38408962G>C,2975429,Ornithine carbamoyltransferase deficiency,yes,Conflicting classifications of pathogenicity,yes,Uncertain significance,Likely pathogenic,Uncertain significance (2025-10-10) -> Likely pathogenic (2026-03-06); current ClinVar aggregate: Conflicting classifications of pathogenicity,https://www.ncbi.nlm.nih.gov/clinvar/variation/2975429/
OTC,NM_000531.6,p.Arg26=,chrX:g.38367291G>A,3045533,Ornithine carbamoyltransferase deficiency,yes,Conflicting classifications of pathogenicity,yes,Uncertain significance,Likely benign,Uncertain significance (2024-02-25) -> Likely benign (2024-07-10); current ClinVar aggregate: Conflicting classifications of pathogenicity,https://www.ncbi.nlm.nih.gov/clinvar/variation/3045533/
OTC,NM_000531.6,p.Met206Ile,chrX:g.38403695G>A,1297045,Ornithine carbamoyltransferase deficiency,yes,Pathogenic/Likely pathogenic,no,,,,https://www.ncbi.nlm.nih.gov/clinvar/variation/1297045/
OTC,NM_000531.6,p.Lys221Asn,chrX:g.38403740G>T,1804689,Ornithine carbamoyltransferase deficiency,yes,Pathogenic/Likely pathogenic,no,,,,https://www.ncbi.nlm.nih.gov/clinvar/variation/1804689/
PAH,NM_000277.3,p.Val379Ala,chr12:g.102843709A>G,1693226,Phenylketonuria,yes,Uncertain significance,yes,Uncertain significance,Likely pathogenic,Uncertain significance (2022-10-13) -> Likely pathogenic (2024-02-21); current ClinVar aggregate: Uncertain significance,https://www.ncbi.nlm.nih.gov/clinvar/variation/1693226/
PAH,NM_000277.3,p.Gly332Arg,chr12:g.102844407C>T,2573212,Phenylketonuria,yes,Likely pathogenic,no,,,,https://www.ncbi.nlm.nih.gov/clinvar/variation/2573212/
PAH,NM_000277.3,p.Ile324Asn,chr12:g.102844430A>T,2682170,Phenylketonuria,yes,Pathogenic,no,,,,https://www.ncbi.nlm.nih.gov/clinvar/variation/2682170/
PAH,NM_000277.3,p.Gln160Ter,chr12:g.102866627G>A,2682166,Phenylketonuria,yes,Pathogenic,no,,,,https://www.ncbi.nlm.nih.gov/clinvar/variation/2682166/
PAH,NM_000277.3,p.Cys334Ter,chr12:g.102844399G>T,2677430,Phenylketonuria,yes,Pathogenic,no,,,,https://www.ncbi.nlm.nih.gov/clinvar/variation/2677430/
PAH,NM_000277.3,p.Phe121Leu,chr12:g.102877542A>G,2137411,Phenylketonuria,yes,Pathogenic,no,,,,https://www.ncbi.nlm.nih.gov/clinvar/variation/2137411/
PDHA1,NM_000284.4,p.Gly291Arg,chrX:g.19357691G>A,1303026,Pyruvate dehydrogenase E1-alpha deficiency,yes,Conflicting classifications of pathogenicity,yes,Uncertain significance,Likely pathogenic,Uncertain significance (2023-04-19) -> Likely pathogenic (2024-03-05); current ClinVar aggregate: Conflicting classifications of pathogenicity,https://www.ncbi.nlm.nih.gov/clinvar/variation/1303026/
PDHA1,NM_000284.4,p.Tyr183Cys,chrX:g.19354528A>G,1700785,Pyruvate dehydrogenase E1-alpha deficiency,yes,Uncertain significance,yes,Uncertain significance,Likely pathogenic,Uncertain significance (2023-03-20) -> Likely pathogenic (2024-10-15); current ClinVar aggregate: Uncertain significance,https://www.ncbi.nlm.nih.gov/clinvar/variation/1700785/
PDHA1,NM_000284.4,p.Glu188Asp,chrX:g.19354544G>T,1748859,Pyruvate dehydrogenase E1-alpha deficiency,yes,Conflicting classifications of pathogenicity,yes,Uncertain significance,Likely benign,Uncertain significance (2023-10-16) -> Likely benign (2025-02-01); current ClinVar aggregate: Conflicting classifications of pathogenicity,https://www.ncbi.nlm.nih.gov/clinvar/variation/1748859/
PDHA1,NM_000284.4,p.Arg311Gly,chrX:g.19358947A>G,3342926,Pyruvate dehydrogenase E1-alpha deficiency,yes,Uncertain significance,yes,Uncertain significance,Likely pathogenic,Uncertain significance (2024-01-04) -> Likely pathogenic (2024-10-15); current ClinVar aggregate: Uncertain significance,https://www.ncbi.nlm.nih.gov/clinvar/variation/3342926/
PDHA1,NM_000284.4,p.Arg119Trp,chrX:g.19351344C>T,1320219,Pyruvate dehydrogenase E1-alpha deficiency,yes,Pathogenic/Likely pathogenic,no,,,,https://www.ncbi.nlm.nih.gov/clinvar/variation/1320219/
PDHA1,NM_000284.4,p.Arg245Gly,chrX:g.19355478A>G,3375522,Pyruvate dehydrogenase complex deficiency,yes,Likely pathogenic,no,,,,https://www.ncbi.nlm.nih.gov/clinvar/variation/3375522/
POLG,NM_002693.3,p.Met669Thr,chr15:g.89324171A>G,3893469,POLG-related disorders / Alpers-Huttenlocher syndrome,likely,Conflicting classifications of pathogenicity,yes,Uncertain significance,Likely benign,Uncertain significance (2024-10-23) -> Likely benign (2025-08-12); current ClinVar aggregate: Conflicting classifications of pathogenicity,https://www.ncbi.nlm.nih.gov/clinvar/variation/3893469/
POLG,NM_002693.3,p.Gln968Glu,chr15:g.89320845G>C,3339756,Progressive sclerosing poliodystrophy,likely,Conflicting classifications of pathogenicity,yes,Uncertain significance,Likely pathogenic,Uncertain significance (2024-06-03) -> Likely pathogenic (2024-06-05); current ClinVar aggregate: Conflicting classifications of pathogenicity,https://www.ncbi.nlm.nih.gov/clinvar/variation/3339756/
POLG,NM_002693.3,p.His1110Asn,chr15:g.89318695G>T,2878241,Progressive sclerosing poliodystrophy,likely,Conflicting classifications of pathogenicity,yes,Uncertain significance,Likely pathogenic,Uncertain significance (2025-07-08) -> Likely pathogenic (2025-12-30); current ClinVar aggregate: Conflicting classifications of pathogenicity,https://www.ncbi.nlm.nih.gov/clinvar/variation/2878241/
POLG,NM_002693.3,c.2480+1G>T,chr15:g.89321961C>A,2860133,"Progressive external ophthalmoplegia with mitochondrial DNA deletions, autosomal dominant 1",no,Pathogenic/Likely pathogenic,no,,,,https://www.ncbi.nlm.nih.gov/clinvar/variation/2860133/
POLG,NM_002693.3,p.Gln976Ter,chr15:g.89320821G>A,4733761,Progressive sclerosing poliodystrophy,likely,Pathogenic,no,,,,https://www.ncbi.nlm.nih.gov/clinvar/variation/4733761/
POLG,NM_002693.3,p.Leu244Pro,chr15:g.89330205A>G,3896091,Progressive sclerosing poliodystrophy,likely,Pathogenic,no,,,,https://www.ncbi.nlm.nih.gov/clinvar/variation/3896091/
SCN1A,NM_001165963.4,p.Glu427Lys,chr2:g.166046868C>T,4528287,Early-infantile DEE,likely,Conflicting classifications of pathogenicity,yes,Uncertain significance,Likely pathogenic,Uncertain significance (2025-04-28) -> Likely pathogenic (2026-01-21); current ClinVar aggregate: Conflicting classifications of pathogenicity,https://www.ncbi.nlm.nih.gov/clinvar/variation/4528287/
SCN1A,NM_001165963.4,p.Cys1552Tyr,chr2:g.165994343C>T,4292728,Early-infantile DEE,likely,Conflicting classifications of pathogenicity,yes,Uncertain significance,Likely pathogenic,Uncertain significance (2024-09-05) -> Likely pathogenic (2025-09-16); current ClinVar aggregate: Conflicting classifications of pathogenicity,https://www.ncbi.nlm.nih.gov/clinvar/variation/4292728/
SCN1A,NM_001165963.4,p.Gln1504Ter,chr2:g.165996084G>A,4839842,SCN1A-related disorder,likely,Pathogenic/Likely pathogenic,no,,,,https://www.ncbi.nlm.nih.gov/clinvar/variation/4839842/
SCN1A,NM_001165963.4,p.Glu1454Ter,chr2:g.165998154C>A,4682469,Early-infantile DEE,likely,Pathogenic/Likely pathogenic,no,,,,https://www.ncbi.nlm.nih.gov/clinvar/variation/4682469/
SCN1A,NM_001165963.4,p.Trp932Arg,chr2:g.166037928A>G,4856336,SCN1A-related disorder,likely,Likely pathogenic,no,,,,https://www.ncbi.nlm.nih.gov/clinvar/variation/4856336/
SCN1A,NM_001165963.4,p.Leu266fs,chr2:g.166051890del,4856058,SCN1A-related disorder,likely,Likely pathogenic,no,,,,https://www.ncbi.nlm.nih.gov/clinvar/variation/4856058/
SLC25A13,NM_014251.3,p.Thr546Arg,chr7:g.96121952G>C,1348003,Citrullinemia,yes,Conflicting classifications of pathogenicity,yes,Uncertain significance,Likely pathogenic,Uncertain significance (2024-02-27) -> Likely pathogenic (2024-03-23); current ClinVar aggregate: Conflicting classifications of pathogenicity,https://www.ncbi.nlm.nih.gov/clinvar/variation/1348003/
SLC25A13,NM_014251.3,p.Ser425Leu,chr7:g.96170082G>A,2183601,Citrin deficiency,yes,Conflicting classifications of pathogenicity,yes,Uncertain significance,Pathogenic,Uncertain significance (2024-03-31) -> Pathogenic (2025-09-24); current ClinVar aggregate: Conflicting classifications of pathogenicity,https://www.ncbi.nlm.nih.gov/clinvar/variation/2183601/
SLC25A13,NM_014251.3,p.Arg455Leu,chr7:g.96146644C>A,2678840,Neonatal intrahepatic cholestasis due to citrin deficiency,yes,Conflicting classifications of pathogenicity,yes,Uncertain significance,Likely pathogenic,Uncertain significance (2024-05-29) -> Likely pathogenic (2024-05-30); current ClinVar aggregate: Conflicting classifications of pathogenicity,https://www.ncbi.nlm.nih.gov/clinvar/variation/2678840/
SLC25A13,NM_014251.3,p.Arg43Ter,chr7:g.96277281G>A,1361947,Citrullinemia,yes,Pathogenic/Likely pathogenic,no,,,,https://www.ncbi.nlm.nih.gov/clinvar/variation/1361947/
SLC25A13,NM_014251.3,p.Gln324Ter,chr7:g.96184975G>A,1450311,"Citrullinemia, type II, adult-onset",yes,Pathogenic/Likely pathogenic,no,,,,https://www.ncbi.nlm.nih.gov/clinvar/variation/1450311/
SLC25A13,NM_014251.3,p.Ser590Ter,chr7:g.96121727G>T,1929400,Neonatal intrahepatic cholestasis due to citrin deficiency,yes,Pathogenic/Likely pathogenic,no,,,,https://www.ncbi.nlm.nih.gov/clinvar/variation/1929400/
SLC2A1,NM_006516.4,p.Arg92Gln,chr1:g.42931046C>T,2108956,Hereditary cryohydrocytosis with reduced stomatin,likely,Conflicting classifications of pathogenicity,yes,Uncertain significance,Likely pathogenic,Uncertain significance (2023-04-11) -> Likely pathogenic (2025-10-01); current ClinVar aggregate: Conflicting classifications of pathogenicity,https://www.ncbi.nlm.nih.gov/clinvar/variation/2108956/
SLC2A1,NM_006516.4,p.Ala377Asp,chr1:g.42927753G>T,1721931,Encephalopathy due to GLUT1 deficiency,likely,Conflicting classifications of pathogenicity,yes,Uncertain significance,Likely pathogenic,Uncertain significance (2023-05-08) -> Likely pathogenic (2025-04-21); current ClinVar aggregate: Conflicting classifications of pathogenicity,https://www.ncbi.nlm.nih.gov/clinvar/variation/1721931/
SLC2A1,NM_006516.4,p.Met1Val,chr1:g.42958651T>C,1686206,Dystonia 9,likely,Pathogenic,no,,,,https://www.ncbi.nlm.nih.gov/clinvar/variation/1686206/
SLC2A1,NM_006516.4,c.115-2A>C,chr1:g.42931208T>G,1686203,Dystonia 9,likely,Pathogenic,no,,,,https://www.ncbi.nlm.nih.gov/clinvar/variation/1686203/
SLC2A1,NM_006516.4,c.115-2A>G,chr1:g.42931208T>C,1698134,Encephalopathy due to GLUT1 deficiency,likely,Pathogenic,no,,,,https://www.ncbi.nlm.nih.gov/clinvar/variation/1698134/
SLC2A1,NM_006516.4,p.Gln360Ter,chr1:g.42927805G>A,3777183,Encephalopathy due to GLUT1 deficiency,likely,Pathogenic,no,,,,https://www.ncbi.nlm.nih.gov/clinvar/variation/3777183/
STXBP1,NM_001032221.6,p.Val104Phe,chr9:g.127660093G>T,3635884,Early-infantile DEE,yes,Conflicting classifications of pathogenicity,yes,Uncertain significance,Likely pathogenic,Uncertain significance (2024-05-02) -> Likely pathogenic (2024-10-16); current ClinVar aggregate: Conflicting classifications of pathogenicity,https://www.ncbi.nlm.nih.gov/clinvar/variation/3635884/
STXBP1,NM_001032221.6,p.Leu41Pro,chr9:g.127653749T>C,3336957,STXBP1-related developmental and epileptic encephalopathy,yes,Conflicting classifications of pathogenicity,yes,Uncertain significance,Pathogenic,Uncertain significance (2022-05-27) -> Pathogenic (2024-02-09); current ClinVar aggregate: Conflicting classifications of pathogenicity,https://www.ncbi.nlm.nih.gov/clinvar/variation/3336957/
STXBP1,NM_001032221.6,p.Lys277Arg,chr9:g.127668115A>G,2573813,Early-infantile DEE,yes,Conflicting classifications of pathogenicity,yes,Uncertain significance,Likely benign,Uncertain significance (2023-07-14) -> Likely benign (2025-04-10); current ClinVar aggregate: Conflicting classifications of pathogenicity,https://www.ncbi.nlm.nih.gov/clinvar/variation/2573813/
STXBP1,NM_001032221.6,p.Ser469=,chr9:g.127678478C>T,2635980,Early-infantile DEE,yes,Conflicting classifications of pathogenicity,yes,Uncertain significance,Likely benign,Uncertain significance (2023-06-22) -> Likely benign (2024-04-09); current ClinVar aggregate: Conflicting classifications of pathogenicity,https://www.ncbi.nlm.nih.gov/clinvar/variation/2635980/
STXBP1,NM_001032221.6,p.Ala251Pro,chr9:g.127666253G>C,3677082,Early-infantile DEE,yes,Pathogenic,no,,,,https://www.ncbi.nlm.nih.gov/clinvar/variation/3677082/
STXBP1,NM_001032221.6,p.Gln250Arg,chr9:g.127666251A>G,2834882,Early-infantile DEE,yes,Pathogenic/Likely pathogenic,no,,,,https://www.ncbi.nlm.nih.gov/clinvar/variation/2834882/
